,曲名,収録CD,リリース年,タイアップ、備考,クレジット,タイプ,再生回数,収録回数,再生回数_日付
0,A・RA・SHI,A・RA・SHI | ARASHI NO.1(ICHIGO)-嵐は嵐を呼ぶ-,1999,フジテレビ系「バレーボールワールドカップ1999」イメージソング,作詞：J&T / 作曲・編曲：馬飼野康二,シングル,677,25,20241110 08:40:26
1,明日に向かって,A・RA・SHI,1999,フジテレビ系ドラマ「Vの嵐」主題歌,作詞：大塚雄三 / 作曲・編曲：馬飼野康二,カップリング,2,1,20241110 08:40:26
2,SUNRISE日本,SUNRISE日本/HORIZON | ARASHI NO.1(ICHIGO)-嵐は嵐を呼ぶ-,2000,フジテレビ系「プロ野球ニュース2000」テーマソング,作詞：F&T / 作曲：馬飼野康二 / 編曲：CHOKKAKU,シングル,37,7,20241110 08:40:26
3,HORIZON,SUNRISE日本/HORIZON,2000,第31回「春の高校バレー」テーマソング,作詞：TAKESHI / 作曲：谷本新,シングル,14,3,20241110 08:40:26
4,台風ジェネレーション,台風ジェネレーション | ARASHI NO.1(ICHIGO)-嵐は嵐を呼ぶ-,2000,フジテレビイベント「お台場どっと混む!」テーマソング/ブルボン「プチシリーズ」CMソング,作詞：久保田洋司 / 作曲：馬飼野康二,シングル,38,3,20241110 08:40:26
5,明日に向かって吠えろ,台風ジェネレーション,2000,シドニーオリンピック男子バレーボール最終予選テーマソング,作詞：久世まりあ / 作曲：谷本新 / 編曲：CHOKKAKU,カップリング,1,3,20241110 08:40:26
6,感謝カンゲキ雨嵐,感謝カンゲキ雨嵐 | ARASHI NO.1(ICHIGO)-嵐は嵐を呼ぶ-,2000,フジテレビ系ドラマ「涙をふいて」オープニングテーマ,作詞：戸沢暢美 / 作曲：馬飼野康二 / 編曲：CHOKKAKU,シングル,302,23,20241110 08:40:26
7,OK!ALL RIGHT!いい恋をしよう,感謝カンゲキ雨嵐,2000,,作詞：久保田洋司 / 作曲：谷本新 / 編曲：CHOKKAKU,カップリング,1,0,20241110 08:40:26
8,君のために僕がいる,君のために僕がいる,2001,森永乳業エスキモー「ピノ」CMソング,作詞：大倉浩平 / 作曲・編曲：馬飼野康二,シングル,217,9,20241110 08:40:26
9,はなさない!,君のために僕がいる,2001,,作詞：牧穂エミ / 作曲・編曲：長岡成貢,カップリング,57,0,20241110 08:40:26
10,時代,時代,2001,日本テレビ系ドラマ「金田一少年の事件簿」主題歌,作詞・作曲：TSUKASA / 編曲：CHOKKAKU,シングル,13,2,20241110 08:40:26
11,恋はブレッキー,時代,2001,TBS系「USO!?ジャパン」テーマソング,作詞：久世まりあ / 作曲：馬飼野康二 / 編曲：CHOKKAKU,カップリング,2,1,20241110 08:40:26
12,DANGAN-LINER,ARASHI NO.1(ICHIGO)-嵐は嵐を呼ぶ- | ウラ嵐マニア,2001,,作詞：TAKESHI / 作曲：谷本新 / 編曲：CHOKKAKU,アルバム,0,2,20241110 08:40:26
13,サワレナイ,ARASHI NO.1(ICHIGO)-嵐は嵐を呼ぶ- | ウラ嵐マニア,2001,,作詞：戸田暢美 / 作曲・編曲：庄野賢一,アルバム,0,0,20241110 08:40:26
14,愛と勇気とチェリーパイ,ARASHI NO.1(ICHIGO)-嵐は嵐を呼ぶ- | ウラ嵐マニア,2001,,作詞：戸田暢美 / 作曲・編曲：岩田雅之,アルバム,0,0,20241110 08:40:26
15,Deepな冒険,ARASHI NO.1(ICHIGO)-嵐は嵐を呼ぶ- | ウラ嵐マニア,2001,,作詞：戸田暢美 / 作曲：飯田建彦 / 編曲：CHOKKAKU,アルバム,0,0,20241110 08:40:26
16,helpless,ARASHI NO.1(ICHIGO)-嵐は嵐を呼ぶ- | ウラ嵐マニア,2001,,作詞：椎名祐生 / 作曲：ZAKI / 編曲：岩田雅之,アルバム,0,0,20241110 08:40:26
17,Oh Sunday,ARASHI NO.1(ICHIGO)-嵐は嵐を呼ぶ- | ウラ嵐マニア,2001,日本テレビ系ドラマ「史上最悪のデート」主題歌,作詞：戸田暢美 / 作曲：守山茂樹 / 編曲：宗像仁志,アルバム,1,0,20241110 08:40:26
18,野性を知りたい,ARASHI NO.1(ICHIGO)-嵐は嵐を呼ぶ- | ウラ嵐マニア,2001,ブルボン「プチシリーズ」CMソング,作詞：久保田洋司 / 作曲・編曲：ZAKI,アルバム,0,0,20241110 08:40:26
19,アレルギー,ARASHI NO.1(ICHIGO)-嵐は嵐を呼ぶ- | ウラ嵐マニア,2001,,作詞：TAKESHI / 作曲・編曲：岩田雅之,アルバム,0,1,20241110 08:40:26
20,ココロチラリ,ARASHI NO.1(ICHIGO)-嵐は嵐を呼ぶ- | ウラ嵐マニア,2001,日本マクドナルド「オイシサの嵐キャンペーン」CMソング,作詞：TAKESHI / 作曲・編曲：原一博,アルバム,0,2,20241110 08:40:26
21,a Day in Our Life,a Day in Our Life | HERE WE GO!,2002,TBS系ドラマ「木更津キャッツアイ」主題歌/映画「木更津キャッツアイ 日本シリーズ」「木更津キャッツアイ ワールドシリーズ」主題歌,作詞・作曲・編曲：SHUN・SHUYA,シングル,517,16,20241110 08:40:26
22,ナイスな心意気,ナイスな心意気 | HERE WE GO!,2002,フジテレビ系アニメ「こちら葛飾区亀有公園前派出所」エンディングテーマ,作詞：戸田暢美 / 作曲：飯田建彦 / 編曲：石塚知生,シングル,35,3,20241110 08:40:26
23,PIKA☆NCHI,PIKA☆NCHI | How's it going?,2002,映画「ピカ☆ンチ LIFE IS HARDだけどHAPPY」主題歌,作詞：相田毅 / 作曲：谷本新 / 編曲：CHOKKAKU,シングル,19,8,20241110 08:40:26
24,道,PIKA☆NCHI,2002,映画「ピカ☆ンチ LIFE IS HARDだけどHAPPY」挿入歌,作詞：河原雅彦 / 作曲・編曲：辻陽,カップリング,0,0,20241110 08:40:26
25,Theme of ARASHI,HERE WE GO!,2002,,"作詞：岩田雅之 / Rap詞：SHOW / 作曲・編曲：岩田雅之, Larry Hochman",アルバム,40,0,20241110 08:40:26
26,Easy Crazy Break Down,HERE WE GO!,2002,第33回「春の高校バレー」イメージソング,"作詞：戸沢暢美 / 作曲：Michael Clauss, Clas Wrigsell / 編曲：鈴木雅也",アルバム,1,1,20241110 08:40:26
27,君は少しも悪くない,HERE WE GO!,2002,,作詞：戸田暢美 / 作曲・編曲：岩田雅之,アルバム,1,1,20241110 08:40:26
28,Tokyo Lovers Tune Night,HERE WE GO!,2002,,"作詞：久保田洋司 / 作曲・編曲：Charles Hodgkinson, Sagat Guirey, Kirk Zavieh",アルバム,1,0,20241110 08:40:26
29,"ALL or NOTHING Ver,1.02",HERE WE GO! | ウラ嵐マニア,2002,,作詞：TAKESH AIDA / Rap詞：SHOW / 作曲・編曲：ZAKI,アルバム,23,0,20241110 08:40:26
30,眠らないカラダ,HERE WE GO!,2002,,"作詞：Tkaaki Amamoto / 作曲：Hiroshi Yamamoto / 編曲：Umito Yamamotokun, 安部潤",アルバム,1,1,20241110 08:40:26
31,君はいないから,HERE WE GO!,2002,,作詞：久保田洋司 / 作曲：寺田一郎 / 編曲：岩田雅之,アルバム,1,0,20241110 08:40:26
32,IROあせないで,HERE WE GO!,2002,森永乳業エスキモー「ピノ」CMソング,作詞：戸田暢美 / 作曲：飯田建彦 / 編曲：CHOKKAKU,アルバム,1,0,20241110 08:40:26
33,愛してると言えない,HERE WE GO!,2002,ブルボン「プチシリーズ」CMソング,作詞：戸田暢美 / 作曲・編曲：長岡成貢,アルバム,1,0,20241110 08:40:26
34,星のFreeWay,HERE WE GO!,2002,「ARASHI ファンツアー イン ハワイ」CMソング,作詞：比留間徹 / 作曲・編曲：ZAKI,アルバム,1,0,20241110 08:40:26
35,いま愛を語ろう,HERE WE GO!,2002,,作詞：六ツ見純代 / 作曲：飯田建彦 / 編曲：鈴木雅也,アルバム,1,0,20241110 08:40:26
36,WOW!!,HERE WE GO!,2002,,作詞・作曲・編曲：渡辺和紀,アルバム,1,1,20241110 08:40:26
37,とまどいながら,とまどいながら | How's it going?,2003,日本テレビ系ドラマ「よい子の味方～新米保育士物語～」主題歌,作詞・作曲・編曲：オオヤギヒロト,シングル,50,5,20241110 08:40:26
38,冬のニオイ,とまどいながら | ウラ嵐マニア,2003,,作詞・作曲：girls talk / 作曲：石塚知生,カップリング,2,0,20241110 08:40:26
39,君がいいんだ,とまどいながら | ウラ嵐マニア,2003,,作詞：戸田暢美 / Rap詞：SHOW / 作曲：清水昭男 / 編曲：宗像仁志,カップリング,1,0,20241110 08:40:26
40,コイゴコロ,とまどいながら | ウラ嵐マニア,2003,フジテレビ系「2003春の高校バレー」イメージソング,作詞・作曲：SILAS LEE / 編曲：安部潤,カップリング,2,0,20241110 08:40:26
41,ハダシの未来,ハダシの未来/言葉より大切なもの | いざッ、Now,2003,ザ コカ・コーラカンパニー「コカコーラ」CMソング,作詞・作曲：宮﨑歩 / 編曲：CHOKKAKU,シングル,391,19,20241110 08:40:26
42,言葉より大切なもの,ハダシの未来/言葉より大切なもの | いざッ、Now,2003,TBS系ドラマ「Stand Up!!」主題歌,作詞：TAKESHI / Rap詞：櫻井翔 / 作曲：飯田建彦 / 編曲：石塚知生,シングル,584,21,20241110 08:40:26
43,Crazy groundの王様,How's it going?,2003,,作詞：ma-saya / Rap詞：櫻井翔 / 作曲・編曲：大野宏明,アルバム,15,0,20241110 08:40:26
44,Lucky Man,How's it going? | 5×5 THE BEST SELECTION OF 2002←2004,2003,,作詞：尾崎雪絵 / Rap詞：櫻井翔 / 作曲：飯田建彦 / 編曲：大坪直樹,アルバム,496,17,20241110 08:40:26
45,身長差のない恋人,How's it going?,2003,,作詞：TAKESHI / 作曲・編曲：長岡成貢,アルバム,1,1,20241110 08:40:26
46,ONLY LOVE,How's it going?,2003,,"作詞：阿閉真琴 / 作曲：Ashley Cadell, BJ Caruama, John Collins / 編曲：石塚知生",アルバム,0,1,20241110 08:40:26
47,嵐のまえの静けさ,How's it going?,2003,,作詞：阿閉真琴 / 作曲：清水昭男 / 編曲：ha-j,アルバム,1,1,20241110 08:40:26
48,Blue,How's it going? | 5×5 THE BEST SELECTION OF 2002←2004,2003,,作詞・作曲：森元浩介 / 編曲：ha-j,アルバム,1,3,20241110 08:40:26
49,Walking in the rain,How's it going?,2003,,"作詞：SPIN / 作曲：Brian Hobbs, Jany Schella, Christian Svensson",アルバム,1,1,20241110 08:40:26
50,パレット,How's it going?,2003,,作詞：TAKESHI / Rap詞：櫻井翔 / 作曲・編曲：岩田雅之,アルバム,1,1,20241110 08:40:26
51,できるだけ,How's it going?,2003,,作詞：相田毅 / 作曲：森元康介 / 編曲：大坪直樹,アルバム,52,2,20241110 08:40:26
52,テ・アゲロ,How's it going?,2003,,作詞：久保田洋司 / 作曲：Patrick LIOTARD / 編曲：CHOKKAKU,アルバム,1,1,20241110 08:40:26
53,15th Moon,How's it going?,2003,,作詞：久保田洋司 / 作曲・編曲：Face 2 fAKE,アルバム,1,1,20241110 08:40:26
54,どんな言葉で,How's it going?,2003,,作詞・作曲・編曲：荒木真樹彦,アルバム,1,0,20241110 08:40:26
55,PIKA★★NCHI DOUBLE,PIKA★★NCHI DOUBLE | いざッ、Now,2004,映画「ピカ☆☆ンチ LIFE IS HARDだからHAPPY」主題歌,作詞：SPIN / Rap詞：櫻井翔 / 作曲：森元康介 / 編曲：石塚知生,シングル,583,17,20241110 08:40:26
56,五里霧中,PIKA★★NCHI DOUBLE | ウラ嵐マニア,2004,,作詞：久保田洋司 / Rap詞：櫻井翔 / 作曲：オオヤギヒロオ / 編曲：ha-j,カップリング,33,10,20241110 08:40:26
57,"道 DOUBLE Ver,",PIKA★★NCHI DOUBLE,2004,映画「ピカ☆☆ンチ LIFE IS HARDだからHAPPY」挿入歌,作詞：河原雅彦 / 作曲・編曲：辻陽,カップリング,0,0,20241110 08:40:26
58,瞳の中のGalaxy,瞳の中のGalaxy/Hero,2004,テレビ朝日系ドラマ「南くんの恋人」主題歌,作詞・作曲：藤井フミヤ / 編曲：CHOKKAKU,シングル,8,2,20241110 08:40:26
59,Hero,瞳の中のGalaxy/Hero,2004,日本テレビ系「2004 アテネオリンピック」イメージソング,作詞：SPIN / 作曲：谷本新 / 編曲：石塚知生,シングル,41,7,20241110 08:40:26
60,Hey Hey Lovin' You,瞳の中のGalaxy/Hero | ウラ嵐マニア,2004,,作詞：久世まりあ / 作曲：コモリタミノル / 編曲：CHOKKAKU,カップリング,234,1,20241110 08:40:26
61,JAM,いざッ、Now,2004,,"作詞：久保田洋司 / 作曲：Tobias Lindell, Joel Eriksson, Victor Wiszniewski / 編曲：岩田雅之",アルバム,1,1,20241110 08:40:26
62,The Bubble,いざッ、Now,2004,,"作詞：SPIN / Rap詞：櫻井翔 / 作曲：Peter Bjorklund, Joel Eriksson / 編曲：AKIRA",アルバム,1,0,20241110 08:40:26
63,Thank you for my days,いざッ、Now,2004,,作詞：TAKESHI / 作曲・編曲：岩田雅之,アルバム,1,0,20241110 08:40:26
64,EYES WITH DELIGHT,いざッ、Now,2004,,作詞：久保田洋司 / Rap詞：櫻井翔 / 作曲：コモリタミノル / 編曲：石塚知生,アルバム,176,5,20241110 08:40:26
65,RIGHT BACK TO YOU,いざッ、Now | 5×5 THE BEST SELECTION OF 2002←2004,2004,'04夏PARCOグランバザールCMソング,"作詞：SPIN / Rap詞：櫻井翔 / 作曲：Peter Bjorklund, Joel Eriksson / 編曲：ha-j",アルバム,19,2,20241110 08:40:26
66,RAINBOW,いざッ、Now,2004,,作詞：久保田洋司 / Rap詞：櫻井翔 / 作曲：コモリタミノル / 編曲：石塚知生,アルバム,1,0,20241110 08:40:26
67,優しくって少しバカ,いざッ、Now,2004,,作詞・作曲：井上貴志 / 編曲：ha-j,アルバム,1,1,20241110 08:40:26
68,Dear My Friend,いざッ、Now,2004,,作詞：小川貴史 / 作曲・編曲：関淳二郎,アルバム,1,1,20241110 08:40:26
69,君だけを想ってる,いざッ、Now,2004,,作詞：久保田洋司 / 作曲：馬飼野康二 / 編曲：大坪直樹,アルバム,1,1,20241110 08:40:26
70,チェックのマフラー,いざッ、Now,2004,,作詞：TAKESHI / 作曲：森元康介 / 編曲：岩田雅之,アルバム,1,0,20241110 08:40:26
71,途中下車,いざッ、Now | 5×5 THE BEST SELECTION OF 2002←2004,2004,,作詞：SPIN / 作曲：森元康介 / 編曲：岩田雅之,アルバム,1,1,20241110 08:40:26
72,La tormenta 2004,5×5 THE BEST SELECTION OF 2002←2004,2004,,作詞：ミウラタカシ / Rap詞：櫻井翔 / 作曲・編曲：吉岡たく,アルバム,94,7,20241110 08:40:26
73,スケッチ,スケッチ | ウラ嵐マニア,2004,,"作詞：二宮和也, 櫻井翔 / 作曲：二宮和也 / 編曲：ha-j, 櫻井翔, 二宮和也",アルバム,114,1,20241110 08:40:26
74,サクラ咲ケ,サクラ咲ケ | One,2005,城南予備校 CMソング,作詞：相田毅 / Rap詞：櫻井翔 / 作曲：谷本新 / 編曲：石塚知生,シングル,244,18,20241110 08:40:26
75,手つなごぉ,サクラ咲ケ | ウラ嵐マニア,2005,,作詞：樽木栄一郎 / 作曲・編曲：AKIRA,カップリング,1,0,20241110 08:40:26
76,WISH,WISH | ARASHIC,2005,TBS系ドラマ「花より男子」主題歌/静岡放送「みちブラっ!静岡十八番」エンディングテーマ,作詞：久保田洋司 / 作曲：オオヤギヒロオ / 編曲：CHOKKAKU,シングル,94,8,20241110 08:40:26
77,イチオクノホシ,WISH | ウラ嵐マニア,2005,,作詞：SPIN / 作曲：Kazz / 編曲：ha-j,カップリング,1,1,20241110 08:40:26
78,二人の記念日,WISH | ウラ嵐マニア,2005,,作詞・作曲：安田信二 / Rap詞：櫻井翔,カップリング,59,0,20241110 08:40:26
79,夏の名前,One,2005,,"作詞：hamai / Rap詞：櫻井翔 / 作曲：原田勝通 / 編曲：ha-j, 吉岡たく",アルバム,67,1,20241110 08:40:26
80,ROMANCE,One,2005,,作詞：HigherF / 作曲：ジョーイ・カボーン / 編曲：大坪直樹,アルバム,1,0,20241110 08:40:26
81,Lai-Lai-Lai,One,2005,,"作詞：SPIN / 作曲：磯崎健史 / 編曲：ha-j, 吉岡たく",アルバム,1,0,20241110 08:40:26
82,Days,One,2005,,作詞：北川暁 / 作曲：宮﨑歩 / 編曲：長岡成貢,アルバム,1,0,20241110 08:40:26
83,素晴らしき世界,One,2005,フジテレビ系「まごまご嵐」エンディングソング,"作詞：オーノカズナリ, SPIN / Rap詞：櫻井翔 / 作曲：宮下典由 / 編曲：石塚知生",アルバム,758,3,20241110 08:40:26
84,Yes? No?,One,2005,,作詞：相田毅 / Rap詞：櫻井翔 / 作曲：谷本新 / 編曲：石塚知生,アルバム,50,2,20241110 08:40:26
85,風見鶏,One,2005,,作詞・作曲：依田和夫 / 編曲：岩田雅之,アルバム,1,0,20241110 08:40:26
86,きっと大丈夫,きっと大丈夫 | ARASHIC,2006,ハウスウェルネスフーズ「C1000×嵐編」CMソング,作詞：SPIN / Rap詞：櫻井翔 / 作曲・編曲：Shinnosuke,シングル,956,16,20241110 08:40:26
87,春風スニーカー,きっと大丈夫 | ウラ嵐マニア,2006,花王「8×4パウダースプレー」CMソング,作詞：北川暁 / 作曲：Trevor Ingram / 編曲：CHOKKAKU,カップリング,78,0,20241110 08:40:26
88,NA! NA! NA!!,きっと大丈夫 | ウラ嵐マニア,2006,,作詞：SPIN / Rap詞：櫻井翔 / 作曲：飯田建彦 / 編曲：ha-j,カップリング,214,1,20241110 08:40:26
89,アオゾラペダル,アオゾラペダル | Time,2006,映画「ハチミツとクローバー」エンディングテーマ,作詞・作曲：スガシカオ / 編曲：石塚知生,シングル,106,7,20241110 08:40:26
90,Kissからはじめよう,アオゾラペダル | ウラ嵐マニア,2006,花王「8×4パウダースプレー」CMソング,作詞：youth case / 作曲：velvetronica / 編曲：ha-j,カップリング,40,1,20241110 08:40:26
91,夏の終わりに想うこと,アオゾラペダル | ウラ嵐マニア,2006,,作詞：小川貴史 / 作曲・編曲：上野浩司,カップリング,5,1,20241110 08:40:26
92,ランナウェイ・トレイン,ARASHIC,2006,,"作詞：SPIN / Rap詞：櫻井翔 / 作曲：Anthony Little, Rick Kelly / 編曲：鈴木雅也",アルバム,189,0,20241110 08:40:26
93,Raise Your Hands,ARASHIC,2006,,"作詞：SPIN / Rap詞：櫻井翔 / 作曲：Stefan Olsson, Tim Norell / 編曲：安部潤",アルバム,2,0,20241110 08:40:26
94,Ready To Fly,ARASHIC,2006,,作詞：masa-ya / 作曲：家原正樹 / 編曲：石塚知生,アルバム,2,0,20241110 08:40:26
95,キャラメル・ソング,ARASHIC,2006,,作詞：小川貴史 / 作曲：松下典由 / 編曲：高橋哲也,アルバム,1,0,20241110 08:40:26
96,COOL & SOUL,ARASHIC,2006,,作詞：SPIN / All Rap presented by 櫻井翔 / 作曲・編曲：吉岡たく,アルバム,250,5,20241110 08:40:26
97,旅立ちの朝,ARASHIC,2006,,"作詞：SPIN / 作曲・編曲：Shusui, Stefan Aberg, Fredrik Hult, Ola Larsson",アルバム,1,0,20241110 08:40:26
98,I Want Somebody,ARASHIC,2006,,"作詞：Axel G / 作曲・編曲：Shusui, Stefan Aberg, Fredrik Hult, Ola Larsson",アルバム,1,2,20241110 08:40:26
99,Secret Eyes,ARASHIC,2006,,作詞：Erykah / Rap詞：櫻井翔 / 作曲：Gajin / 編曲：岩田雅之,アルバム,1,0,20241110 08:40:26
100,超²ありがとう,ARASHIC,2006,,"作詞：Erykah / 作曲：Henrik Rongedal, Maguns Rongedal / 編曲：岩田雅之",アルバム,1,0,20241110 08:40:26
101,CARNIVAL NIGHT part2,ARASHIC,2006,,作詞：久保田洋司 / 作曲：上野浩司 / 編曲：長岡成貢,アルバム,413,13,20241110 08:40:26
102,シルバーリング,ARASHIC,2006,,作詞：山本成美 / 作曲：北川吟 / 編曲：若草恵,アルバム,1,0,20241110 08:40:26
103,LOVE PARADE,ARASHIC,2006,,"作詞：仲山卯月 / 作曲：土井瞬, 土岐健一 / 編曲：船山基紀",アルバム,1,0,20241110 08:40:26
104,Love so sweet,Love so sweet | Time,2007,TBS系ドラマ「花より男子2」主題歌/キリン「午後の紅茶」CMソング,作詞：SPIN / 作曲：youth case / 編曲：Mugen,シングル,554,21,20241110 08:40:26
105,いつまでも,Love so sweet | ウラ嵐マニア,2007,,作詞：SPIN / Rap詞：櫻井翔 / 作曲：多田慎也 / 編曲：ha-j,カップリング,226,1,20241110 08:40:26
106,ファイトソング,Love so sweet | ウラ嵐マニア,2007,日本テレビ系「Gの嵐!」公式応援歌,作詞：嵐 / 作曲：二宮和也 / 編曲：北川吟,カップリング,71,16,20241110 08:40:26
107,We can make it!,We can make it! | Time,2007,日本テレビ系ドラマ「バンビ～ノ!」主題歌,"作詞：UNITe / Rap詞：櫻井翔 / 作曲：Ander Wikstrom, Fredrik Thomander / 編曲：鈴木雅也",シングル,144,3,20241110 08:40:26
108,Di-Li-Li,We can make it! | ウラ嵐マニア,2007,ハウスウェルネスフーズ「C1000」CMソング/C1000×嵐'07キャンペーンソング,作詞・作曲：北川暁 / Rap詞：櫻井翔 / 編曲：鈴木雅也,カップリング,18,1,20241110 08:40:26
109,Future,We can make it! | ウラ嵐マニア,2007,,作詞・作曲：100+ / Rap詞：櫻井翔 / 編曲：ha-j,カップリング,16,1,20241110 08:40:26
110,Happiness,"Happiness | Dream""A""live",2007,TBS系ドラマ「山田太郎ものがたり」主題歌,作詞：Wonderland / 作曲：岡田実音 / 編曲：北川吟,シングル,439,20,20241110 08:40:26
111,Still...,Happiness | ウラ嵐マニア,2007,フジテレビ系「まごまご嵐」エンディングソング/TBS系「ひみつの嵐ちゃん!」最終回エンディング曲,作詞・作曲：多田慎也 / Rap詞：櫻井翔 / 編曲：NAOKI-T,カップリング,708,6,20241110 08:40:26
112,Snowflake,Happiness | ウラ嵐マニア,2007,,作詞：小川貴史 / 作曲・編曲：HYDRANT,カップリング,3,0,20241110 08:40:26
113,Oh Yeah!,Time,2007,ハウスウェルネスフーズ「C1000レモンウォーター」CMソング,作詞：UNITe / 作曲：オーノカズナリ / 編曲：北川吟,アルバム,603,17,20241110 08:40:26
114,WAVE,Time,2007,,作詞：UNITe / Rap詞：櫻井翔 / 作曲：Erik Lidbom / 編曲：安部潤,アルバム,2,2,20241110 08:40:26
115,Firefly,Time,2007,,作詞：Makoto ATOZI / Rap詞：櫻井翔 / 作曲・編曲：笹本安詞,アルバム,1,0,20241110 08:40:26
116,太陽の世界,Time,2007,,作詞・作曲：HYDRANT / Rap詞：櫻井翔 / 編曲：大坪直樹,アルバム,96,1,20241110 08:40:26
117,Carry on,Time,2007,,作詞：村野直球 / 作曲・編曲：岩田雅之,アルバム,1,0,20241110 08:40:26
118,ROCK YOU,Time,2007,,作詞：youth case / Rap詞：櫻井翔 / 作曲・編曲：Takuya Harada,アルバム,348,2,20241110 08:40:26
119,Cry for you,Time,2007,,"作詞：Axel G / Rap詞：櫻井翔 / 作曲：Jorge Ringqvist, Jakob Ringbom / 編曲：ha-j",アルバム,1,1,20241110 08:40:26
120,Love Situation,Time,2007,,作詞：はしもとみゆき / 作曲・編曲：Shinnosuke,アルバム,797,4,20241110 08:40:26
121,風,Time,2007,,作詞：SPIN / Rap詞：櫻井翔 / 作曲：多田慎也 / 編曲：NAOKI-T,アルバム,189,1,20241110 08:40:26
122,Be with you,Time,2007,,作詞・作曲：北浦正尚 / 編曲：ha-j,アルバム,0,1,20241110 08:40:26
123,LIFE,Time,2007,エイブル CMソング,作詞：みうらともかず / Rap詞：櫻井翔 / 作曲：オーノカズナリ / 編曲：石塚知生,アルバム,7,0,20241110 08:40:26
124,Everybody前進,Time,2007,,"作詞：久保田洋司 / 作曲・編曲：Shusui, Stefan Åberg",アルバム,2,3,20241110 08:40:26
125,Step and Go,"Step and Go | Dream""A""live",2008,フジテレビ系「GRA」エンディングテーマ,作詞：Wonderland / Rap詞：櫻井翔 / 作曲：youth case / 編曲：吉岡たく,シングル,762,11,20241110 08:40:26
126,冬を抱きしめて,Step and Go | ウラ嵐マニア,2008,,作詞：藤瀬聖・杉山勝彦 / 作曲：杉山勝彦 / 編曲：石塚知生 ,カップリング,2,0,20241110 08:40:26
127,One Love,One Love,2008,映画「花より男子F」主題歌,作詞：youth case / 作曲：加藤裕介 / 編曲：石塚知生,シングル,427,11,20241110 08:40:26
128,How to fly,One Love | ウラ嵐マニア,2008,,"作詞：UNITe / 作曲：R.P.P., Anderz Wrethov",カップリング,1,0,20241110 08:40:26
129,truth,truth/風の向こうへ,2008,TBS系ドラマ「魔王」主題歌,作詞・作曲：HYDRANT / 編曲：前口渉,シングル,359,8,20241110 08:40:26
130,風の向こうへ,truth/風の向こうへ,2008,日本テレビ系「GO!北京」テーマソング,"作詞：多田慎也 / Rap詞：櫻井翔 / 作曲：Pippi Svensson, Ander Dannvik / 編曲：Hans Johnson",シングル,565,5,20241110 08:40:26
131,スマイル,truth/風の向こうへ | ウラ嵐マニア,2008,ハウス食品「とんがりコーン」嵐スケートボード編CMソング,"作詞・作曲：Erik Lidbom, youth case / 編曲：北川吟",カップリング,16,1,20241110 08:40:26
132,Beautiful days,Beautiful days,2008,TBS系ドラマ「流星の絆」主題歌,作詞・作曲：Takuya Harada / 編曲：ha-j,シングル,12,3,20241110 08:40:26
133,僕が僕のすべて,Beautiful days | ウラ嵐マニア,2008,au by KDDI「au BOX」CMソング,作詞：100+ / 作曲・編曲：加藤裕介,カップリング,48,2,20241110 08:40:26
134,忘れられない,Beautiful days | ウラ嵐マニア,2008,,作詞：Arika / 作曲：HIKARI / 編曲：佐々木博史,カップリング,1,0,20241110 08:40:26
135,Move your body,"Dream""A""live",2008,,作詞：HYDRANT / Rap詞：櫻井翔 / 作曲：Mike Rose / 編曲：ha-j,アルバム,4,0,20241110 08:40:26
136,虹の彼方へ,"Dream""A""live",2008,,作詞：みうらともかず / Rap詞：櫻井翔 / 作曲：吉川慶 / 編曲：鈴木雅也,アルバム,71,0,20241110 08:40:26
137,Do my best,"Dream""A""live",2008,NHK総合「グッと!スポーツ」テーマ曲,作詞・作曲：youth case / 編曲：ha-j,アルバム,156,0,20241110 08:40:26
138,シリウス,"Dream""A""live",2008,,作詞：UNITe / 作曲：小林建樹 / 編曲：石塚知生,アルバム,1,0,20241110 08:40:26
139,Flashback,"Dream""A""live",2008,,作詞：小川貴史 / Rap詞：櫻井翔 / 作曲：今井晶規 / 編曲：安部潤,アルバム,1,0,20241110 08:40:26
140,Dive into the future,"Dream""A""live",2008,,"作詞：UNITe / 作曲：Mattias Hakansson, Carl Utbult, Anton Malmberg / 編曲：岩田雅之",アルバム,1,0,20241110 08:40:26
141,声,"Dream""A""live",2008,,作詞：小川貴史 / 作曲：多田慎也 / 編曲：NAOKI-T,アルバム,1,0,20241110 08:40:26
142,My Answer,"Dream""A""live",2008,,作詞：作曲・編曲：笹本安詞 / Rap詞：櫻井翔,アルバム,28,0,20241110 08:40:26
143,Life goes on,"Dream""A""live",2008,,作詞：多田慎也 / 作曲・編曲：岩田雅之,アルバム,6,0,20241110 08:40:26
144,YOUR SONG,"Dream""A""live",2008,観光立国ナビゲーター 観光大使 Arashi Message from Japan CMソング,作詞・作曲：杉山勝彦 / 編曲：高橋哲也,アルバム,8,0,20241110 08:40:26
145,Once Again,"Dream""A""live",2008,,"作詞：Wonderland / Rap詞：櫻井翔 / 作曲：Alfred Tuohey, Thanh Bui / 編曲：CHOKKAKU",アルバム,1,0,20241110 08:40:26
146,Re(mark)able,ARASHI IS ALIVE! | All the BEST! 1999-2009 | ウラ嵐マニア,2008,,作詞：R.P.P / All Rap presented by 櫻井翔 / 作曲・編曲：吉岡たく,アルバム,553,3,20241110 08:40:26
147,Green,ウラ嵐マニア,2008,日本テレビ系「ズームイン!!SUPER×NEWS ZERO Touch! eco 2009」テーマソング,作詞：嵐 / 作曲：youth case / 編曲：ha-j,アルバム,87,1,20241110 08:40:26
148,COOL & SOUL for DOME07,Step and Go『Special Cu[9]bic Box』,2008,,作詞：SPIN / All Rap presented by 櫻井翔 / 作曲・編曲：吉岡たく,カップリング,464,1,20241110 08:40:26
149,Believe,Believe/曇りのち、快晴,2009,映画「ヤッターマン」主題歌,作詞・作曲：100+ / Rap詞：櫻井翔 / 編曲：吉岡たく,シングル,692,12,20241110 08:40:26
150,トビラ,Believe/曇りのち、快晴 | ウラ嵐マニア,2009,,作詞：Makoto ATOZI / 作曲：多田慎也 / 編曲：NAOKI-T,カップリング,46,0,20241110 08:40:26
151,明日の記憶,明日の記憶/Crazy Moon～キミ・ハ・ムテキ～,2009,日本テレビ系ドラマ「ザ・クイズショウ」主題歌,"作詞・作曲：平義隆 / 編曲：石塚知生, 佐々木博史",シングル,33,3,20241110 08:40:26
152,Crazy Moon～キミ・ハ・ムテキ～,明日の記憶/Crazy Moon～キミ・ハ・ムテキ～,2009,コーセー「エスプリーク・プレシャス」CMソング,作詞：Soluna / 作曲・編曲：HYPER SLIPPER,シングル,264,6,20241110 08:40:26
153,5×10,All the BEST! 1999-2009,2009,,作詞：嵐 / 作曲：youth case / 編曲：ha-j,アルバム,141,6,20241110 08:40:26
154,Attack it!,All the BEST! 1999-2009,2009,,作詞：SHUN / Rap詞：櫻井翔 / 作曲：吉岡たく,アルバム,271,5,20241110 08:40:26
155,Everything,Everything | 僕の見ている風景,2009,au by KDDI「もし僕らが、嵐でなかったら。去年の違う夏。」CMソング,作詞：100+ / 作曲：Shingo Asari / 編曲：ISB,シングル,133,7,20241110 08:40:26
156,season,Everything | ウラ嵐マニア,2009,au by KDDI「もし僕らが、嵐でなかったら。」CMソング,作詞・作曲：youth case / 編曲：石塚知生,カップリング,284,4,20241110 08:40:26
157,マイガール,マイガール | 僕の見ている風景,2009,テレビ朝日系ドラマ「マイガール」主題歌,作詞：Wonderland / 作曲：多田慎也 / 編曲：NAOKI-T,シングル,96,9,20241110 08:40:26
158,時計じかけのアンブレラ,マイガール | ウラ嵐マニア,2009,フジテレビ系ドラマ「0号室の客」主題歌,"作詞：Sean-D / Rap詞：櫻井翔 / 作曲：Fredrik Hult, Robin Fredriksson, Mattias Larsson / 編曲：Hisashi Nawata, Fredrik Hult, Robin Fredriksson, Mattias Larsson",カップリング,177,3,20241110 08:40:26
159,スーパーフレッシュ,マイガール | ウラ嵐マニア,2009,,"作詞：Shigeo, Shun / 作曲・編曲：Shigeo",カップリング,5,1,20241110 08:40:26
160,Troublemaker,Troublemaker | 僕の見ている風景,2010,TBS系ドラマ「特上カバチ!!」主題歌,作詞：H.Suzuki / 作曲：Masashi Ohtsuki / 編曲：ha-j,シングル,879,15,20241110 08:40:26
161,揺らせ、今を,Troublemaker | ウラ嵐マニア,2010,日本テレビ系「ズームイン!!SUPER」冬のテーマソング/バンクーバーオリンピック中継テーマソング,作詞・作曲・編曲：100+,カップリング,259,1,20241110 08:40:26
162,もう一歩,Troublemaker | ウラ嵐マニア,2010,,作詞・作曲・編曲：sts,カップリング,2,0,20241110 08:40:26
163,Monster,Monster | 僕の見ている風景,2010,日本テレビ系ドラマ「怪物くん」/映画「映画 怪物くん」主題歌,"作詞：UNIte, Sean-D / 作曲：CHI-MEY / 編曲：Taku Yoshioka, Hirofumi Sasaki",シングル,132,11,20241110 08:40:26
164,スパイラル,Monster | ウラ嵐マニア,2010,,作詞：小川貴史 / Rap詞：櫻井翔 / 作曲：三留一純 / 編曲：ha-j,カップリング,254,0,20241110 08:40:26
165,To be free,To be free | Beautiful World,2010,アサヒ飲料「三ツ矢サイダー」CMソング,"作詞：Soluna / 作曲：Samuel Waermo, Octobar / 編曲：Samuel Waermo, 吉岡たく",シングル,69,2,20241110 08:40:26
166,Løve Rainbow,Løve Rainbow | Beautiful World,2010,フジテレビ系ドラマ「夏の恋は虹色に輝く」主題歌,"作詞：furaha, Octobar / 作曲：iiiSAK, Dyce Taylor / 編曲：ha-j",シングル,345,9,20241110 08:40:26
167,over,Løve Rainbow | ウラ嵐マニア,2010,,作詞：みうらともかず / 作曲：HIKARI / 編曲：佐々木博史,カップリング,1,0,20241110 08:40:26
168,Dear Snow,Dear Snow | Beautiful World,2010,映画「大奥」主題歌,"作詞：伊織, ISHU / 作曲：Kohsuke Ohshima / 編曲：宮野幸子, 吉岡たく",シングル,84,1,20241110 08:40:26
169,タイムカプセル,Dear Snow | ウラ嵐マニア,2010,,作詞・作曲・編曲：SIX,カップリング,24,1,20241110 08:40:26
170,果てない空,果てない空 | Beautiful World,2010,フジテレビ系ドラマ「フリーター、家を買う。」主題歌,作詞・作曲：QQ / 編曲：ha-j,シングル,107,8,20241110 08:40:26
171,STORY,果てない空 | ウラ嵐マニア,2010,,"作詞：小川貴史, alt / 作曲：オオバコウスケ / 編曲：吉岡たく",カップリング,24,0,20241110 08:40:26
172,maboroshi,果てない空 | ウラ嵐マニア,2010,,作詞・作曲：小林健樹 / 編曲：宮野幸子,カップリング,1,0,20241110 08:40:26
173,あの日のメリークリスマス,果てない空 | ウラ嵐マニア,2010,,作詞：Soluna / 作曲：Takuya Harada / 編曲：佐々木博史,カップリング,2,0,20241110 08:40:26
174,movin' on,僕の見ている風景,2010,JAL「感謝を行動に」CMソング/JAL「嵐ジェット」テーマソング,"作詞：みうらともかず, 小川貴史 / Rap詞：櫻井翔 / 作曲：Dr Hardcastle, Dice Taylor, youwhich / 編曲：youwhich",アルバム,541,2,20241110 08:40:26
175,マダ上ヲ,僕の見ている風景,2010,,"作詞：小川貴史, HYDRANT / Rap詞：櫻井翔 / 作曲：Dapo Torimiro, Drew Ryan Scott / 編曲：吉岡たく, 佐々木博史",アルバム,167,1,20241110 08:40:26
176,リフレイン,僕の見ている風景,2010,,作詞・作曲・編曲：R.P.P.,アルバム,138,3,20241110 08:40:26
177,サーカス,僕の見ている風景,2010,,"作詞：Soluna / 作曲：iiiSAK, HYDRANT / 編曲：youwhich",アルバム,8,2,20241110 08:40:26
178,ギフト,僕の見ている風景,2010,,作詞・作曲：作田雅弥 / 編曲：ha-j,アルバム,6,1,20241110 08:40:26
179,let me down,僕の見ている風景,2010,,作詞・作曲・編曲：田中直 / Rap詞：櫻井翔,アルバム,449,2,20241110 08:40:26
180,Don't Stop,僕の見ている風景,2010,,作詞：伊那村さちこ / 作曲：三留一純 / 編曲：Dr Hardcastle,アルバム,83,1,20241110 08:40:26
181,むかえに行くよ,僕の見ている風景,2010,,作詞・作曲・編曲：マシコタツロウ,アルバム,9,1,20241110 08:40:26
182,空高く,僕の見ている風景,2010,フジテレビ系ドラマ「最後の約束」主題歌,作詞：Sean-D / Rap詞：櫻井翔 / 作曲：Yuichi Yagi / 編曲：Hisashi Nawata,アルバム,215,2,20241110 08:40:26
183,kagerô,僕の見ている風景,2010,,作詞：Soluna / 作曲：小林健樹 / 編曲：ha-j,アルバム,20,2,20241110 08:40:26
184,Summer Splash!,僕の見ている風景,2010,JAL「JALわくわくアロハ計画2010」編 CMソング,作詞・作曲・編曲：The仙台セピア / Rap詞：櫻井翔,アルバム,578,7,20241110 08:40:26
185,Lotus,Lotus | Beautiful World,2011,テレビ朝日系ドラマ「バーテンダー」主題歌,"作詞：Soluna / 作曲：iiiSAK, HYDRANT / 編曲：佐々木博史, iiiSAK",シングル,77,1,20241110 08:40:26
186,ever,Lotus | ウラ嵐マニア,2011,,"作詞：作田雅弥, alt / 作曲：大島こうすけ / 編曲：石塚知生",カップリング,1,0,20241110 08:40:26
187,Boom Boom,Lotus | ウラ嵐マニア,2011,,"作詞：100+ / Rap詞：櫻井翔 / 作曲：Erik Lidbom, Jon Hällgren / 編曲：吉岡たく",カップリング,46,0,20241110 08:40:26
188,迷宮ラブソング,迷宮ラブソング | Popcorn,2011,フジテレビ系ドラマ「謎解きはディナーのあとで」主題歌/映画「映画 謎解きはディナーのあとで」主題歌,"作詞：伊織 / 作曲：iiiSAK, Dyce Taylor / 編曲：Trevor Ingram",シングル,600,11,20241110 08:40:26
189,消えぬ想い,迷宮ラブソング | ウラ嵐マニア,2011,,"作詞：alt / 作曲・編曲：市川喜康, マシコタツロウ, ha-j",カップリング,1,0,20241110 08:40:26
190,"together, forever",迷宮ラブソング | ウラ嵐マニア,2011,,作詞・作曲：100+ / 編曲：佐々木博史,カップリング,3,0,20241110 08:40:26
191,うたかた,迷宮ラブソング | ウラ嵐マニア,2011,,"作詞：R.P.P. / Rap詞：櫻井翔 / 作曲：youwhich, Dyce Taylor / 編曲：youwhich",カップリング,237,0,20241110 08:40:26
192,wanna be...,迷宮ラブソング | ウラ嵐マニア,2011,,"作詞：伊織, Soluna / 作曲：大島こうすけ / 編曲：吉岡たく",カップリング,1,0,20241110 08:40:26
193,Rock this,Beauitful World,2011,,"作詞：100+ / Rap詞：櫻井翔 / 作曲：Dele Ladimeji, Paul Boddy / 編曲：吉岡たく",アルバム,94,1,20241110 08:40:26
194,まだ見ぬ世界へ,Beauitful World,2011,,"作詞：Soluna / Rap詞：櫻井翔 / 作曲：R.P.P., iiiSAK / 編曲：iiiSAK, 吉岡たく",アルバム,620,1,20241110 08:40:26
195,always,Beauitful World,2011,,"作詞：100+ / 作曲：Dyce Taylor, Andreas Johansson / 編曲：youwhich",アルバム,25,1,20241110 08:40:26
196,"虹のカケラ～no rain, no rainbow～",Beauitful World,2011,,"作詞：Osami, Octobar / 作曲：Carl Utbult, Chris Meyer, Taisho / 編曲：石塚知生",アルバム,102,1,20241110 08:40:26
197,Joy,Beauitful World,2011,,"作詞：小川貴史, alt / Rap詞：櫻井翔 / 作曲：Duke Ashton, Sherrie Ashton / 編曲：石塚知生",アルバム,61,0,20241110 08:40:26
198,negai,Beauitful World,2011,,"作詞：furaha / 作曲：iiiSAK, Dyce Taylor / 編曲：宮野幸子, iiiSAK",アルバム,97,0,20241110 08:40:26
199,morning light,Beauitful World,2011,,"作詞：UNIte, Soluna / 作曲：Curly, Octobar / 編曲：Samuel Waermo, 吉岡たく",アルバム,6,1,20241110 08:40:26
200,遠くまで,Beauitful World,2011,JAL「嵐、JALで、夏旅。」CMソング,"作詞：小川貴史 / 作曲：Erik Lidbom, Dyce Taylor / 編曲：佐々木博史",アルバム,164,2,20241110 08:40:26
201,エナジーソング～絶好調超!!!!～,Beauitful World(セブンネットオリジナル盤),2011,,"作詞：嵐 / Rap詞：櫻井翔 / 作曲：二宮和也 / 編曲：ha-j, 二宮和也",アルバム,189,11,20241110 08:40:26
202,ワイルド アット ハート,ワイルド アット ハート | Popcorn,2012,フジテレビ系ドラマ「ラッキーセブン」主題歌,"作詞：Soluna / 作曲：Chris Janey, Junior Jokinen / 編曲：Trevor Ingram",シングル,223,14,20241110 08:40:26
203,How Can I Love,ワイルド アット ハート | ウラ嵐マニア,2012,,"作詞：Octobar / 作曲：iiiSAK, Anto Lindsjo / 編曲：ha-j",カップリング,1,0,20241110 08:40:26
204,ついておいで,ワイルド アット ハート | ウラ嵐マニア,2012,,"作詞：Mi-n / 作曲：iiiSAK, Anto Lindsjo / 編曲：ha-j",カップリング,6,1,20241110 08:40:26
205,ふたりのカタチ,ワイルド アット ハート | ウラ嵐マニア,2012,,作詞：須藤まゆみ / Rap詞：櫻井翔 / 作曲：三留一純 / 編曲：石塚知生,カップリング,15,0,20241110 08:40:26
206,Face Down,Face Down | Popcorn,2012,フジテレビ系ドラマ「鍵のかかった部屋」主題歌,"作詞：eltvo / Rap詞：櫻井翔 / 作曲：Albi Albertsson, Royce.H, Vincent Stein, Kontantin Scherer / 編曲：metropolitan digital clique, Vincent Stein, Kontantin Scherer",シングル,341,6,20241110 08:40:26
207,ひとりじゃないさ,Face Down | ウラ嵐マニア,2012,,作詞：Task / 作曲：Shingo Asari / 編曲：Hirofumi Sasaki,カップリング,5,0,20241110 08:40:26
208,目指した未来へ,Face Down | ウラ嵐マニア,2012,,"作詞：Mi-n, alleztune / 作曲・編曲：HIKARI",カップリング,3,0,20241110 08:40:26
209,Your Eyes,Your Eyes | Popcorn,2012,日本テレビ系ドラマ「三毛猫ホームズの推理」主題歌,"作詞：hs / 作曲：Chris Janey, Max Grant / 編曲：Tomoki Ishizuka",シングル,27,2,20241110 08:40:26
210,君がいるから,Your Eyes | ウラ嵐マニア,2012,,作詞・作曲：eltvo / 編曲：Taku Yoshioka,カップリング,61,1,20241110 08:40:26
211,花火,Your Eyes | ウラ嵐マニア,2012,,"作詞・作曲：Tatsuro Mashiko / 編曲：Sachiko Miyano, Tatsuto Mashiko",カップリング,141,0,20241110 08:40:26
212,voice,Your Eyes | ウラ嵐マニア,2012,,作詞：alt / 作曲：TAKAMASA SEGI / 編曲：Hirofumi Sasaki,カップリング,2,1,20241110 08:40:26
213,Welcome to our party,Popcorn,2012,,"作詞：Soluna, Shun / Rap詞：櫻井翔 / 作曲：Stephan Elfgran, Conor Edwards, Junior Jokinen / 編曲：吉岡たく",アルバム,289,3,20241110 08:40:26
214,駆け抜けろ!,Popcorn,2012,日産自動車「セレナS-HYBRID」CMソング,"作詞：S-Tnk / 作曲：Takuya Harada, Samuli Laiho, Ressi Levanto / 編曲：石塚知生",アルバム,52,1,20241110 08:40:26
215,Waiting for you,Popcorn,2012,,"作詞：Soluna / 作曲：Octobar, iiiSAK / 編曲：吉岡たく, 宮野幸子",アルバム,9,1,20241110 08:40:26
216,旅は続くよ,Popcorn,2012,,"作詞：furaha / Rap詞：櫻井翔 / 作曲：curly, youwhich / 編曲：youwhich",アルバム,159,1,20241110 08:40:26
217,Cosmos,Popcorn,2012,,"作詞：pause, eltvo / Rap詞：櫻井翔 / 作曲：Erik Lidbom / 編曲：佐々木博史",アルバム,29,1,20241110 08:40:26
218,証,Popcorn,2012,日本テレビ系「ロンドン2012」テーマソング,作詞・作曲：QQ / 編曲：ha-j,アルバム,16,2,20241110 08:40:26
219,Up to you,Popcorn,2012,,"作詞：伊織, 100+ / Rap詞：櫻井翔 / 作曲：Wet disk, Christofer Erixon, Joakim Bjömberg / 編曲：metropolitan digital clique",アルバム,245,2,20241110 08:40:26
220,Calling,Calling/Breathless | LOVE,2013,フジテレビ系ドラマ「ラストホープ」主題歌,"作詞：s-Tnk, eltvo / 作曲：Andreas Johansson, youwhich / 編曲：石塚知生",シングル,34,3,20241110 08:40:26
221,Breathless,Calling/Breathless | LOVE,2013,映画「プラチナデータ」主題歌,"作詞：HYDRANT / 作曲：Takuya Harada, Christofer Erixon, Joakim Björnberg / 編曲：佐々木博史",シングル,72,5,20241110 08:40:26
222,オーライ!!,Calling/Breathless,2013,,"作詞：Soluna / 作曲：Fredrik ""Figge"" Boström / 編曲：Trevor Ingram",カップリング,10,0,20241110 08:40:26
223,full of love,Calling/Breathless,2013,,"作詞：Shun, R.P.P. / 作曲：Dr.hardcastle, Iggy Strange-Dahl / 編曲：吉岡たく",カップリング,4,0,20241110 08:40:26
224,Endless Game,Endless Game | LOVE,2013,フジテレビ系ドラマ「家族ゲーム」主題歌,"作詞：100+ / 作曲：Chris Janey, Dyce Taylor / 編曲：2H, Chris Janey",シングル,266,3,20241110 08:40:26
225,Magic hour,Endless Game,2013,,"作詞：s-Tnk / 作曲：HJ &Co, Ryumei Odagi / 編曲：吉岡たく",カップリング,6,0,20241110 08:40:26
226,Intergalactic,Endless Game,2013,,"作詞：Octobar / 作曲：Stephan Elfgren, eltvo / 編曲：Stephan Elfgren",カップリング,43,1,20241110 08:40:26
227,モノクロ,Endless Game,2013,,"作詞：みうらともかず / 作曲：GK / 編曲：GK, 佐々木博史",カップリング,6,1,20241110 08:40:26
228,愛を歌おう,LOVE,2013,,"作詞：SQUAREF, mfmsiQ, John World / Rap詞：櫻井翔 / 作曲：Benny Jansson / 編曲：佐々木博史",アルバム,20,1,20241110 08:40:26
229,サヨナラのあとで,LOVE,2013,,"作詞：R.P.P. / 作曲：MiNE, Atsushi Shimada, Fredrilk Samsson / 編曲：吉岡たく",アルバム,11,1,20241110 08:40:26
230,CONFUSION,LOVE,2013,,"作詞：Shigeo, Macoto56 / 作曲：Joe Killington, Katerina Bramley, Tim Worithington, Michael Conn / 編曲：石塚知生",アルバム,24,1,20241110 08:40:26
231,P・A・R・A・D・O・X,LOVE,2013,,"作詞：AKIRA, H&Co., SQUAREF, s-Tnk / Rap詞：櫻井翔 / 作曲：James Bird, Olly Goodman, Michael Duke, Emma Rohan / 編曲：A.K.Janeway, 吉岡たく, James Bird, Olly Goodman, Michael Duke, Emma Rohan",アルバム,838,3,20241110 08:40:26
232,Rock Tonight,LOVE,2013,,作詞・作曲：100+ / 編曲：BJ Khan,アルバム,56,1,20241110 08:40:26
233,Starlight kiss,LOVE,2013,,"作詞：AKIRA, s-Tnk / Rap詞：櫻井翔 / 作曲：Fredrik ""Figge"" Boström, 川口進 / 編曲：川口進",アルバム,119,1,20241110 08:40:26
234,FUNKY,LOVE,2013,,"作詞：mfmsiQ, s-Tnk、作曲：BJ Khan, Takuya Harada, Joakim Bjornberg, Christofer Erixon / 編曲：BJ Khan",アルバム,573,2,20241110 08:40:26
235,Tears,LOVE,2013,,"作詞：小川貴史, SQUAREF / 作曲：加藤裕介 / 編曲：BJ Khan",アルバム,9,1,20241110 08:40:26
236,Bittersweet,Bittersweet | THE DIGITALIAN,2014,フジテレビ系ドラマ「失恋ショコラティエ」主題歌,作詞・作曲：100+ / 編曲：石塚知生,シングル,571,4,20241110 08:40:26
237,Road to Glory,Bittersweet,2014,日本テレビ系「ソチ2014」テーマソング,作詞：s-Tnk / 作曲：川口進 / 編曲：ha-j,カップリング,61,0,20241110 08:40:26
238,Sync,Bittersweet,2014,,作詞：小川貴史 / Rap詞：櫻井翔 / 作曲：U-Key zone / 編曲：吉岡たく,カップリング,5,0,20241110 08:40:26
239,もっと、いまより,Bittersweet,2014,,作詞・作曲：youth case / 編曲：BJ Khan,カップリング,13,0,20241110 08:40:26
240,GUTS!,GUTS! | THE DIGITALIAN,2014,日本テレビ系ドラマ「弱くても勝てます〜青志先生とへっぽこ高校球児の野望〜」主題歌,"作詞：eltvo, s-Tnk / 作曲：SAKRA / 編曲：石塚知生",シングル,693,9,20241110 08:40:26
241,Fly,GUTS!,2014,,作詞：HYDRANT / 作曲：YASUSHI WATANABE / 編曲：吉岡たく,カップリング,3,0,20241110 08:40:26
242,君が笑えるように,GUTS!,2014,,"作詞：KOSH, Macoto56 / 作曲：KOSH / 編曲：ha-j",カップリング,10,0,20241110 08:40:26
243,Love Wonderland,GUTS!,2014,,"作詞：AKIRA / 作曲・編曲：AKIRA, UTA",カップリング,99,1,20241110 08:40:26
244,誰も知らない,誰も知らない | THE DIGITALIAN,2014,テレビ朝日系ドラマ「死神くん」主題歌,"作詞：mfmsiQ, SQUAREF, John World, 作田雅弥 / 作曲：TAKUYA HARADA, Joakim Bjornberg, Christofer Erixon, BJ khan / 編曲：佐々木博史, BJ Khan",シングル,56,2,20241110 08:40:26
245,おかえり,誰も知らない,2014,,作詞・作曲：鈴木勝彦 / 編曲：石塚知生,カップリング,0,0,20241110 08:40:26
246,Keep on tryin',誰も知らない,2014,,"作詞・作曲：GK, TOM / 編曲：GK",カップリング,4,0,20241110 08:40:26
247,ミラクル・サマー,誰も知らない,2014,,"作詞：Macoto56 / 作曲：Christofer Erixon, Joakim Bjornberg, 川口進 / 編曲：metropolitan digital clique",カップリング,19,0,20241110 08:40:26
248,Zero-G,THE DIGITALIAN,2014,,"作詞：梶ヶ谷翔太, eltvo / 作曲：Takuya Harada / 編曲：石塚知生",アルバム,614,2,20241110 08:40:26
249,Wonderful,THE DIGITALIAN,2014,,"作詞：ASIL, Masa Fujise, John World, SQUAREF / 作曲：James Winchester, Peter Boyes, Christopher Wortley / 編曲：Slice of Life",アルバム,26,1,20241110 08:40:26
250,Tell me why,THE DIGITALIAN,2014,,"作詞：SQUAREF, mfmsiQ, John World / Rap詞：櫻井翔 / 作曲：Andreas Johansson, STEVEN LEE / 編曲：A.K.Janeway",アルバム,83,1,20241110 08:40:26
251,Asterisk,THE DIGITALIAN,2014,,作詞・作曲・編曲：100+ / Rap詞：櫻井翔,アルバム,288,1,20241110 08:40:26
252,TRAP,THE DIGITALIAN,2014,,"作詞：AKIRA / 作曲：AKIRA, UTA / 編曲：吉岡たく",アルバム,30,1,20241110 08:40:26
253,キミの夢を見ていた,THE DIGITALIAN,2014,,作詞・作曲：HYDRANT / 編曲：佐々木博史,アルバム,82,1,20241110 08:40:26
254,One Step,THE DIGITALIAN,2014,,作詞：s-Tnk / 作曲：Mats Tarnfors / 編曲：佐々木博史,アルバム,23,1,20241110 08:40:26
255,Hope in the darkness,THE DIGITALIAN,2014,,"作詞：小川貴史, HYDRANT / 作曲：David Keiffer Johnston, Wesley Steed, Sigurdur Kristinn Sigtryggsson pka Siggi / 編曲：metropolitan digital clique, A-bee",アルバム,19,1,20241110 08:40:26
256,Take Off!!!!!,THE DIGITALIAN,2014,,作詞：櫻井翔 / 作曲・編曲：Stephan Elfgren,アルバム,432,1,20241110 08:40:26
257,Sakura,Sakura | Japonism,2015,TBS系ドラマ「ウロボロス〜この愛こそ、正義。」主題歌,作詞・作曲：eltvo / 編曲：佐々木博史,シングル,145,6,20241110 08:40:26
258,Rise and Shine,Sakura,2015,,"作詞：100+, mfmsiQ, John World / 作曲：Erik Lidbom, youwhich / 編曲：石塚知生",カップリング,2,0,20241110 08:40:26
259,同じ空の下で,Sakura,2015,,作詞・作曲・編曲：Trevor Ingram,カップリング,0,0,20241110 08:40:26
260,more and more,Sakura,2015,,"作詞：HYDRANT / 作曲：Daniel Sherman, Katerina Bramley, Robert Hanna / 編曲：吉岡たく",カップリング,0,0,20241110 08:40:26
261,青空の下、キミのとなり,青空の下、キミのとなり | Japonism,2015,フジテレビ系ドラマ「ようこそ、わが家へ」主題歌,"作詞：wonder note, s-Tnk / 作曲：Gigi, wonder note / 編曲：metoropolitan digital clique",シングル,33,4,20241110 08:40:26
262,Dandelion,青空の下、キミのとなり,2015,,"作詞：ASIL, Macoto56 / 作曲：AKJ & ASIL / 編曲：A.K．Janeway",カップリング,3,0,20241110 08:40:26
263,この手のひらに,青空の下、キミのとなり,2015,,"作詞：佐伯youthK, SQUAREF, John World / 作曲：Supercharge, 佐伯youthK / 編曲：吉岡たく",カップリング,3,0,20241110 08:40:26
264,何度だって,青空の下、キミのとなり,2015,,作詞・作曲・編曲：youth case,カップリング,2,0,20241110 08:40:26
265,愛を叫べ,愛を叫べ | Are You Happy?,2015,リクルート ゼクシィ CMソング ,"作詞・作曲：100+ / 編曲：100+, 佐々木博史",シングル,73,5,20241110 08:40:26
266,ユメニカケル,愛を叫べ,2015,JAL2015キャンペーンソング/JAL「JAL FLY to 2020」CMソング,"作詞：古川貴浩, 小川貴史, John World / 作曲：古川貴浩 / 編曲：ha-j",カップリング,112,3,20241110 08:40:26
267,Mr.Lonely,愛を叫べ,2015,,"作詞：Pink Wolf, Trevor Ingram / 作曲：Trevor Ingram, kanata Okajima, Stephen Rudden / 編曲：Trevor Ingram, A.K.Janeway",カップリング,40,0,20241110 08:40:26
268,It's good to be bad,愛を叫べ,2015,,"作詞：Shigeo, eltvo / 作曲：Gigi, wonder note / 編曲：Octobar",カップリング,1,0,20241110 08:40:26
269,I say,愛を叫べ,2015,,"作詞：みうらともかず / 作曲：sk-etch, BERT, ROLF / 編曲：sk-etch",カップリング,1,0,20241110 08:40:26
270,心の空,Japonism,2015,,作詞・作曲・編曲：布袋寅泰 / Rap詞：櫻井翔,アルバム,211,2,20241110 08:40:26
271,君への想い,Japonism,2015,,"作詞：wonder note, Macoto56 / Rap詞：櫻井翔 / 作曲：wonder note / 編曲：石塚知生",アルバム,31,1,20241110 08:40:26
272,miyabi-night,Japonism,2015,,"作詞：Macoto56, AKJ & ASIL / 作曲：AKJ & ASIL / 編曲：A.K.Janeway",アルバム,27,2,20241110 08:40:26
273,三日月,Japonism,2015,,作詞：youth case / 作曲・編曲：A-bee,アルバム,5,1,20241110 08:40:26
274,Bolero!,Japonism,2015,,作詞・作曲：SAKRA / 編曲：Slice of Life,アルバム,7,2,20241110 08:40:26
275,イン・ザ・ルーム,Japonism,2015,,作詞：小川貴史 / Rap詞：櫻井翔 / 作曲・編曲：Jeremy Hammond,アルバム,59,2,20241110 08:40:26
276,マスカレード,Japonism,2015,,作詞・作曲：HYDRANT / 編曲：船山基紀,アルバム,41,2,20241110 08:40:26
277,伝えたいこと,Japonism,2015,,"作詞：ASIL, s-Tnk / 作曲： Fredrik ""Figge"" Boström, Susumu Kawaguchi / 編曲：pieni tonttu",アルバム,10,0,20241110 08:40:26
278,Japonesque,Japonism,2015,,"作詞：MiNE, R.P.P / 作曲：sk-etch, MiNE / 編曲：ha-j, sk-etch",アルバム,310,2,20241110 08:40:26
279,日本よいとこ摩訶不思議,Japonism,2015,少年隊 カバー,作詞・作曲：野村義男 / 編曲：佐々木博史,アルバム,10,1,20241110 08:40:26
280,僕らがつないでいく,Japonism,2015,,"作詞：SQUAREF, John World / 作曲：Pippi Svensson, Josef Melin / 編曲：BJ Khan",アルバム,6,2,20241110 08:40:26
281,the Deep End,Japonism,2015,,"作詞：100+ / 作曲：STEVEN TEE, Drew Ryan Scott, Andreas Oberg / 編曲：A.K.Janeway",アルバム,3,0,20241110 08:40:26
282,Make a wish,Japonism,2015,,"作詞：いなむらさちこ / 作曲：sk-etch, Shu Kanematsu, BEAT, ROLF / 編曲：佐々木博史",アルバム,24,1,20241110 08:40:26
283,ふるさと,Japonism,2015,第63回紅白歌合戦 イメージソング/第80回NHK全国学校音楽コンクール小学生の部 課題曲,作詞：小山薫堂 / 作曲：youth case / 編曲：宮野幸子,アルバム,24,1,20241110 08:40:26
284,復活LOVE,復活LOVE | Are You Happy?,2016,NTTドコモdヒッツ CMソング,作詞：竹内まりや / 作曲・編曲：山下達郎,シングル,228,5,20241110 08:40:26
285,affection,復活LOVE,2016,,作詞・作曲：nobby / 編曲：佐々木博史,カップリング,0,0,20241110 08:40:26
286,愛のCollection,復活LOVE,2016,,作詞：paddy / 作曲：Chris Meyer / 編曲：吉岡たく,カップリング,2,0,20241110 08:40:26
287,Bang Bang,復活LOVE,2016,,"作詞：100+ / 作曲：Robert Hanna, Ninos Hanna, Jeppe Reil, Thomas Reil / 編曲：石塚知生",カップリング,4,0,20241110 08:40:26
288,Are you ready now?,復活LOVE,2016,,作詞：みうらともかず / 作曲・編曲：Jeremy Hammond,カップリング,5,0,20241110 08:40:26
289,I seek,I seek/Daylight | Are You Happy?,2016,日本テレビ系ドラマ「世界一難しい恋」主題歌,作詞：ASIL / 作曲：AKJ & ASIL / 編曲：石塚知生,シングル,145,2,20241110 08:40:26
290,Daylight,I seek/Daylight | Are You Happy?,2016,TBS系ドラマ「99.9 刑事専門弁護士」主題歌,"作詞：stereograph / Rap詞：櫻井翔 / 作曲：Simon Janlov, wonder note / 編曲：佐々木博史",シングル,266,2,20241110 08:40:26
291,ただいま,I seek/Daylight,2016,「ARASHI “Japonism Show” in ARENA」テーマ曲,作詞：paddy / 作曲：Kehn mind / 編曲：metoropolitan digital clique,カップリング,1,1,20241110 08:40:26
292,supersonic,I seek/Daylight,2016,,"作詞：100+ / Kevin Charge, David Fremberg, youth case / 編曲：吉岡たく",カップリング,48,1,20241110 08:40:26
293,Power of the Paradise,Power of the Paradise | 「untitled」,2016,日本テレビ系 リオデジャネイロ2016 テーマソング,作詞：paddy / 作曲：nobby / 編曲：ha-j,シングル,200,2,20241110 08:40:26
294,花,Power of the Paradise,2016,,"作詞：小川貴史 / 作曲：Justin Reinstein, wonder note / 編曲：佐々木博史",カップリング,24,0,20241110 08:40:26
295,DRIVE,Are You Happy?,2016,under the supervision of Jun M.,作詞：Macoto56 / 作曲・編曲：Jeremy Hammond,アルバム,26,1,20241110 08:40:26
296,Ups and Downs,Are You Happy?,2016,,"作詞：市川喜康 / 作曲：Joe Lawrence, Trevor Ingram / 編曲：pieni tonttu",アルバム,63,1,20241110 08:40:26
297,青春ブギ,Are You Happy?,2016,under the supervision of Masaki A.,作詞：paddy / 作曲：Soul-273 / 編曲：ha-j,アルバム,13,1,20241110 08:40:26
298,WONDER-LOVE,Are You Happy?,2016,under the supervision of Kazunari N.,"作詞：KOU& / 作曲・編曲：Erik Lidbom, Jon Hällgren",アルバム,12,1,20241110 08:40:26
299,Miles away,Are You Happy?,2016,under the supervision of Satoshi O.,作詞：100+ / 作曲：R.P.P / 編曲：metropolitan digital clique,アルバム,12,1,20241110 08:40:26
300,To my homies,Are You Happy?,2016,under the supervision of Sho S.,作詞：BASI / Rap詞：櫻井翔 / 作曲・編曲：韻シスト,アルバム,18,1,20241110 08:40:26
301,Don't You Get It,Are You Happy?,2016,日立ロボットクリーナー「ミニマル」CMソング,"作詞：KOU& / 作曲：Didrik Thott, Christian Fast, Henrik Nordenback / 編曲：吉岡たく, 佐々木博史",アルバム,50,1,20241110 08:40:26
302,TWO TO TANGO,Are You Happy?,2016,,"作詞：HARAJUKU KIDZ / Rap詞：櫻井翔 / 作曲：Kevin Charge, Andreas Öberg, HARAJUKU KIDS / 編曲：metropolitan digital clique",アルバム,10,1,20241110 08:40:26
303,I'll be there,I'll be there | 「untitled」,2017,フジテレビ系ドラマ「貴族探偵」主題歌,"作詞：Goro.T / 作曲：Fredrik”Figge”Bostrom, 佐原康介 / 編曲：佐原康介, metropolitan digital clique",シングル,141,4,20241110 08:40:26
304,Round and Round,I'll be there,2017,,"作詞：Funk Uchino / 作曲：Christofer Erixon, Josef Melin / 編曲：Josef Melin",カップリング,0,0,20241110 08:40:26
305,unknown,I'll be there,2017,,"作詞：Macoto56 / Rap詞：櫻井翔 / 作曲：AI Swettenham, HIKARI / 編曲：吉岡たく",カップリング,3,0,20241110 08:40:26
306,Treasure of life,I'll be there,2017,,"作詞：Tutti / 作曲：Erik Lidbom, Simon Janlöv / 編曲：Simon Janlöv",カップリング,3,0,20241110 08:40:26
307,つなぐ,つなぐ | 「untitled」,2017,映画「忍びの国」主題歌,"作詞：paddy / 作曲：Peter Nord, Kevin Borg / 編曲：Peter Nord, 佐々木博史",シングル,298,5,20241110 08:40:26
308,お気に召すまま,つなぐ,2017,,"作詞：WINESS / 作曲：Justin Reinstein, Saw Arrow / 編曲：Justin Reinstein",カップリング,28,1,20241110 08:40:26
309,Reach for the sky〜天までとどけ〜,つなぐ,2017,JAL「先得キャンペーン2017」 CMソング,"作詞：RUCCA / 作曲：Simon Janlöv, Funk Uchino / 編曲：藤間仁",カップリング,103,0,20241110 08:40:26
310,抱きしめたい,つなぐ,2017,,"作詞：IROCO-STAR / 作曲：Simon Janlöv, Mr.Mustard / 編曲：前口渉",カップリング,7,0,20241110 08:40:26
311,Under the radar,つなぐ,2017,,"作詞：市川喜康 / 作曲：Kevin Charge, Erik Lidbom / 編曲：Kevin Charge",カップリング,4,0,20241110 08:40:26
312,Green Light,「untitled」,2017,,"作詞：AKIRA, JUN / 作曲：Christofer Erixon, Josef Melin / 編曲：石塚知生",アルバム,64,1,20241110 08:40:26
313,「未完」,「untitled」,2017,,作詞：JUNE / Rap詞：櫻井翔 / 作曲：Josef Melin / 編曲：佐々木博史,アルバム,160,1,20241110 08:40:26
314,Sugar,「untitled」,2017,,"作詞：HIKARI / 作曲：iiiSAK, HIKARI / 編曲：iiiSAK",アルバム,467,2,20241110 08:40:26
315,ありのままで,「untitled」,2017,,"作詞：Atsushi Shimada, MiNE / 作曲：Christofer Erixon, Joakim Bjornberg, Atsushi Shimada / 編曲：Atsushi Shimada",アルバム,11,0,20241110 08:40:26
316,風雲,「untitled」,2017,,"作詞：IROCO-STAR / 作曲：Erik Lidbom, Simon Janlöv / 編曲：metropolitan digital clique",アルバム,14,1,20241110 08:40:26
317,抱擁,「untitled」,2017,,"作詞：ORI / Rap詞：櫻井翔 / 作曲：Victor Sagers, Peter Boyes, Caroline Gustavsson / 編曲：吉岡たく",アルバム,166,1,20241110 08:40:26
318,Pray,「untitled」,2017,,"作詞：IROCO-STAR / 作曲：Erik Lidbom, wonder note / 編曲：Erik Lidbom",アルバム,10,1,20241110 08:40:26
319,光,「untitled」,2017,,"作詞：Komei Kobayashi / Rap詞：櫻井翔 / 作曲：久保田真吾, KOUDAI IWATSUBO, 佐々木久美 / 編曲：久保田真吾",アルバム,115,1,20241110 08:40:26
320,彼方へ,「untitled」,2017,,"作詞：RUCCA / 作曲：TAKAROT, iiiSAK / 編曲：TAKAROT, 河合英嗣",アルバム,37,1,20241110 08:40:26
321,Song for you,「untitled」,2017,組曲,"作詞：市川喜康 / 作曲：Simon Janlöv, wonder note, Kevin Charge, Erik Lidbom, SHIROSE, 山下康介 / 編曲：山下康介 ",アルバム,23,1,20241110 08:40:26
322,バズりNIGHT,「untitled」,2017,相葉雅紀・大野智・櫻井翔,"作詞：多田慎也 / 作曲：A.K.Janeway, 多田慎也 / 編曲：A.K.Janeway",アルバム,126,1,20241110 08:40:26
323,夜の影,「untitled」,2017,松本潤・二宮和也・大野智,"作詞：Funk Uchino / 作曲：MLC, Soma Genda / 編曲：Soma Genda, Captain B",アルバム,6,1,20241110 08:40:26
324,UB,「untitled」,2017,相葉雅紀・二宮和也,"作詞：ASIL / 作曲：Samuel Waermo, Stefan Ekstedt, Didrik Thott / 編曲：佐々木博史 ",アルバム,6,1,20241110 08:40:26
325,Come Back,「untitled」,2017,松本潤・櫻井翔,作詞・作曲・編曲：田中直 / Rap詞：櫻井翔,アルバム,25,1,20241110 08:40:26
326,カンパイ・ソング,「untitled」,2017,,作詞：halmelnuts / 作曲：Kehn mind / 編曲：河合英嗣,アルバム,14,2,20241110 08:40:26
327,Doors〜勇気の軌跡〜,Doors〜勇気の軌跡〜,2017,日本テレビ系ドラマ「先に生まれただけの僕」主題歌,"作詞：RUCCA / 作曲：Simon Janlöv, Saw Arrow / 編曲：吉岡たく",シングル,163,1,20241110 08:40:26
328,Winter days,Doors〜勇気の軌跡〜,2017,,"作詞：今井了介 / 作曲・編曲：今井了介, Tasuku Maeda",カップリング,2,0,20241110 08:40:26
329,NOW or NEVER,Doors〜勇気の軌跡〜,2017,ガンホー「パズル&ドラゴンズ」CMソング,"作詞：wonder note / 作曲：Kevin Charge, wonder note / 編曲：前口渉",カップリング,125,1,20241110 08:40:26
330,Perfect Night,Doors〜勇気の軌跡〜,2017,,作詞：Macoto56 / 作曲・編曲：Chris Meyer,カップリング,2,0,20241110 08:40:26
331,BORDER,Doors〜勇気の軌跡〜,2017,,作詞：ASIL / 作曲・編曲：HIKARI,カップリング,2,0,20241110 08:40:26
332,Find The Answer,Find The Answer,2018,TBS系ドラマ「99.9 刑事専門弁護士 SEASON Ⅱ」主題歌,"作詞：HIKARI / 作曲：7th Avenue, HIKARI / 編曲：metropolitan digital clique",シングル,372,3,20241110 08:40:26
333,街角の恋人たち,Find The Answer,2018,,"作詞：Goro.T / 作曲：Kevin Charge, Ricky Hanley, Carlos Okabe, Saw Arrow / 編曲：石塚知生",カップリング,1,0,20241110 08:40:26
334,Circle,Find The Answer,2018,,"作詞：paddy / 作曲：今井了介, Tasuku Maeda / 編曲：吉岡たく",カップリング,5,0,20241110 08:40:26
335,Bounce Beat,Find The Answer,2018,,"作詞：IROCO-STAR / 作曲：Henrik Nordenback, Christian Fast, Samuel Waermo / 編曲：Henrik Nordenback",カップリング,5,0,20241110 08:40:26
336,白が舞う,Find The Answer,2018,日本テレビ系「ピョンチャン2018」テーマソング,"作詞：Funk Uchino / 作曲：Erik Lidbom, eltvo / 編曲：Erik Lidbom",カップリング,63,0,20241110 08:40:26
337,夏疾風,夏疾風,2018,2018 ABC夏の高校野球応援ソング/「熱闘甲子園」テーマソング,作詞・作曲：北川悠仁 / 編曲：K Project,シングル,124,3,20241110 08:40:26
338,After the rain,夏疾風,2018,,"作詞・作曲：Nai-T / 編曲：Nai-T, metropolitan digital clique",カップリング,68,0,20241110 08:40:26
339,Midsummer Night's Lover,夏疾風,2018,,"作詞：ASIL / 作曲：Erik Lidbom, Mr.Mustard / 編曲：Erik Lidbom",カップリング,5,0,20241110 08:40:26
340,Sparkle,夏疾風,2018,,"作詞：IROCO-STAR / 作曲：Josef Melin, Christofer Erixon / 編曲：Josef Melin",カップリング,5,0,20241110 08:40:26
341,君のうた,君のうた,2018,テレビ朝日系ドラマ「僕とシッポと神楽坂」主題歌,"作詞：ASIL / 作曲：多田慎也, A.K.Janeway / 編曲：佐々木博史",シングル,308,5,20241110 08:40:26
342,White On White,君のうた,2018,,作詞：IROCO-STAR / 作曲・編曲：Josef Melin,カップリング,2,0,20241110 08:40:26
343,Sky Again,君のうた,2018,JAL「Fly for it!」キャンペーンソング,作詞：Goro.T / 作曲・編曲：Erik Lidbom,カップリング,7,0,20241110 08:40:26
344,Fake it,君のうた,2018,,"作詞：HIKARI / 作曲：Kevin Charge, HIKARI / 編曲：Kevin Charge",カップリング,6,0,20241110 08:40:26
345,Count on me,君のうた,2018,,"作詞：Funk Uchino / 作曲：Erik Lidbom, Saori Tsuchiya / 編曲：石塚知生",カップリング,89,1,20241110 08:40:26
346,5×20,5×20 All the BEST!! 1999-2019,2019,,作詞：嵐 / Rap詞：櫻井翔 / 作曲：youth case / 編曲：ha-j,アルバム,127,4,20241110 08:40:26
347,BRAVE,BRAVE,2019,ラグビーワールドカップ2019日本大会(日本テレビ系)イメージソング,作詞：Goro.T / Rap詞：櫻井翔 / 作曲：Fredrik “Figge” Bostrom / 編曲：石塚知生,シングル,498,3,20241110 08:40:26
348,Turning Up,Turning Up | This is 嵐,2019,デジタルシングル,"Written by Andreas Carlsson, Erik Lidbom, Funk Uchino / Rap by Sho Sakurai / Produced by Erik Lidbom, Andreas Carlsson / Track production by Erik Lidbom / Additional track production by Geek Boy Al Swettenham",シングル,792,2,20241110 08:40:26
349,A-RA-SHI : Reborn,A-RA-SHI : Reborn | Reborn Vol.1 | This is 嵐,2019,デジタルシングル,"Written by J&T, Koji Makaino, Andreas Carlsson, Erik Lidbom, Sho Sakurai, Geek Boy Al Swettenham",シングル,81,0,20241110 08:40:26
350,Turning Up (R3HAB Remix),Turning Up (R3HAB Remix) | This is 嵐,2020,デジタルシングル,"Written by Andreas Carlsson, Erik Lidbom, Funk Uchino, Sho Sakurai / Track produced by Erik Lidbom / Remixed by R3HAB",シングル,62,0,20241110 08:40:26
351,a Day in Our Life : Reborn,Reborn Vol.1 | This is 嵐,2020,デジタルEP,"Written by SHUN, SHUYA, Andreas Carlsson, Geek Boy Al Swettenham, Sho Sakurai",アルバム,192,1,20241110 08:40:26
352,One Love : Reborn,Reborn Vol.1 | This is 嵐,2020,デジタルEP,"Written by youth case, Yusuke Kato, Andreas Carlsson, Erik Lidbom",アルバム,181,1,20241110 08:40:26
353,Love so sweet : Reborn,Love so sweet : Reborn | This is 嵐,2020,デジタルシングル,"Written by SPIN, youth case, Ellen Shipley / Produced by Afterhrs",シングル,55,0,20241110 08:40:26
354,Face Down : Reborn,Face Down : Reborn | This is 嵐,2020,デジタルシングル,"Written by eltvo, Albi Albertsson, Royce.H, Vincent Stein, Konstantin Scherer, Ellen Shipley / Produced by BloodPop, Tom Norris",シングル,9,0,20241110 08:40:26
355,IN THE SUMMER,IN THE SUMMER | This is 嵐,2020,デジタルシングル,"Written by Rami Yacoub, Gregory Hein, Funk Uchino / Produced by Rami Yacoub for MXM Productions",シングル,104,1,20241110 08:40:26
356,カイト,カイト | This is 嵐,2020,NHK2020ソング,作詞・作曲・編曲：米津玄師 / オーケストラ編曲：坂東祐大,シングル,78,1,20241110 08:40:26
357,Journey to Harmony,カイト,2020,天皇陛下御即位奉祝曲「Ray of Water」第3楽章,作詞：岡田惠和 / 作曲・編曲：菅野よう子,カップリング,17,0,20241110 08:40:26
358,Sounds of Joy,カイト,2020,,"作詞：Funk Uchino / 作曲：川口進, Andreas Ohrn, Henrik Smith, 佐原康太 / 編曲：石塚知生",カップリング,42,0,20241110 08:40:26
359,僕らの日々,カイト,2020,,作詞・作曲：Na-T / 編曲：佐々木博史,カップリング,22,0,20241110 08:40:26
360,Whenever You Call,Whenever You Call,2020,デジタルシングル,"Written by Bruno Mars, D'Mile / Produced by Bruno Mars, D'Mile",シングル,180,2,20241110 08:40:26
361,Party Starters,Party Starters | This is 嵐,2020,デジタルシングル / ソフトバンク5Gプロジェクト CMソング,"Written by Sam Hollander, Grant Michaels, Funk Uchino / Rap by Sho Sakurai / Produced by Sam Hollander, Grant Michaels",シングル,166,1,20241110 08:40:26
362,SHOW TIME,This is 嵐,2020,,"Written by AKIRA, Singo Kubota, Satoru Kurihara",アルバム,124,1,20241110 08:40:26
363,I Can't Wait For Christmas,This is 嵐,2020,,"Lyrics by miwaflower / Music by DWB, Mike Macdermid, Julie Morrison / Arranged by Hirofumi Sasaki",アルバム,39,0,20241110 08:40:26
364,いつか秒針のあう頃,This is 嵐,2020,,"Written by Rami Yacoub, Shiho Otowa / Rap by Sho Sakurai / Produced by Rami Yacoub for MXM Productions",アルバム,300,1,20241110 08:40:26
365,Do you...?,This is 嵐,2020,,"Lyrics by Atsushi Shimada, MiNE / Rap by Sho Sakurai / Music by Takuya Harada, MiNE, Atsushi Shimada / Arranged by Tomoki Ishizuka",アルバム,473,1,20241110 08:40:26
366,The Music Never Ends,This is 嵐,2020,,"Written by Julian Bunetta, John Ryan, Funk Uchino /  Produced by Julian Bunetta",アルバム,29,1,20241110 08:40:26
